Model;Price
 Huawei P40 Lite E Midnight Black ;89 890
 Huawei P Smart 2019 Midnight Black ;79890
 Huawei P Smart Z 64GB Midnight Black ;99890
 Huawei P30 Pro Breathing Crystal ;349890
 Huawei P30 Aurora ;249890
 Huawei P30 Lite 128GB Midnight Black ;109890
 Huawei P40 Lite E Aurora Blue ;89890
 Huawei P40 Lite Sakura Pink ;129890
 Huawei P30 Lite 128GB Peacock Blue ;109890
 Huawei Y5 Lite 16GB Modern Black ;39890
 Huawei Y7 2019 32GB Aurora Blue ;69890
 Huawei P Smart 2019 Aurora Blue ;79890
 Huawei P40 Pro Silver ;499890
 Huawei P40 Lite Midnight Crush Green ;129890
 Huawei P30 Lite 256GB Midnight Black ;149890
 Huawei Y5 Lite 16GB Amber Brown ;39890
 Huawei Y5 2019 32GB Saphire Blue ;54890
 Huawei Y6 2019 32GB Sapphire Blue ;59890
 Huawei Y9S Breathing Crystal ;129890
 Huawei P30 Pro Aurora ;349890
 Huawei P Smart Z 64GB Saphire Blue ;99890
 Huawei Y6P Emerald Green ;69890
 Huawei Y5 2019 32GB Amber Brown ;54890
 Huawei P Smart Z 64GB Emerald Green ;99890
 Huawei P30 Lite 256GB Peacock Blue ;149890
 Huawei P40 Pro Black ;499890
 Huawei Y6S 64GB Starry Black ;69890
 Huawei Y6 2019 32GB Amber Brown ;59890
 Huawei P30 Breathing Crystal ;249890
 Huawei Y5P Mint Green ;44890
 Huawei Nova 5T Crush blue ;179890
 Huawei P40 Black ;349890
 Huawei Y6P Midnight Black ;69890
 Huawei Y6S 64GB Orchid Blue ;69890
 Huawei Y9 Prime 2019 Midnight Black ;119890
 Huawei Y8P Breathing Crystal ;109890
 Huawei Y9S Midnight Black ;129890
 Huawei Y9 Prime 2019 Emerald Green ;119890
 Huawei Y8P Midnight Black ;109890
 Huawei P smart 2021 Crush Green ;119890
 Huawei P smart 2021 Midnight Black ;119890
 ÎÐÐÎ A5 2020 Dazzling White ;79990
 OPPO A1k 32GB Black ;59790
 OPPO A1k 32GB Red ;59790
 ÎPPO A5s Black ;59990
 ÎÐÐÎ A5 2020 Mirror Black ;79990
 ÎPPO A91 8/128GB Lightening Black ;139990
 ÎÐÐÎ A72 Aurora Purple ;119990
 ÎÐÐÎ A12 3/32GB Black ;59990
 ÎÐÐÎ A9 2020 Vanilla Mint ;109990
 ÎÐÐÎ A52 Stream White ;99990
 OPPO Find X2 256GB Black ;499990
 ÎÐÐÎ A91 8/128GB Blazing Blue ;139990
 ÎÐÐÎ A31 4/64G Mystery Black ;74990
 ÎÐÐÎ A72 Twilight Black ;119990
 ÎÐÐÎ A52 Twilight Black ;99990
 ÎÐÐÎ Reno4 Lite 8/128GB Magic Blue ;159990
 ÎÐÐÎ A12 3/32GB Blue ;59990
 ÎÐÐÎ Reno4 Lite 8/128GB Matte Black ;159990
 ÎÐÐÎ A72 Shining White ;119990
 ÎÐÐÎ A53 64GB Mint Cream ;79990
 ÎÐÐÎ A31 4/64GB Fantasy White ;74990
 ÎÐÐÎ Reno4 Lite 8/128GB Metallic White ;159990
 ÎÐÐÎ A53 64GB Electric Black ;79990
 ÎÐÐÎ Reno4 Pro 8/256GB Starry Night ;349990
 ÎÐÐÎ A53 128GB Mint Cream ;99990
 ÎÐÐÎ A91 Modern Red ;139990
 ÎÐÐÎ Reno4 Pro 8/256GB Galactic Blue ;349990
 ÎÐÐÎ A53 128GB Electric Black ;99990
 ÎÐÐÎ A53 128GB Fancy Blue ;99990
 Samsung Galaxy Note 20 Gray ;499890
 Samsung Galaxy A51 128GB Black ;139890
 Samsung Galaxy A71 Black ;169890
 Samsung Galaxy A10 32GB Black ;54890
 Samsung Galaxy S20 Ultra Gray ;549890
 Samsung Galaxy Note 20 Ultra Black ;599890
 Samsung Galaxy S20 Blue ;349890
 Samsung Galaxy S20+ Black ;449890
 Samsung Galaxy S20 Gray ;349890
 Samsung Galaxy S20 Red ;349890
 Samsung Galaxy S20+ Blue ;449890
 Samsung Galaxy S20+ Gray ;449890
 Samsung Galaxy S20 Ultra Black ;549890
 Samsung Galaxy S20 Ultra White ;549890
 Samsung Galaxy A51 64GB Black ;129890
 Samsung Galaxy A50 64GB Black ;74890
 Samsung Galaxy A51 128GB Blue ;139890
 Samsung Galaxy A51 64GB Blue ;129890
 Samsung Galaxy A51 128GB White ;139890
 Samsung Galaxy A51 64GB White ;129890
 Samsung Galaxy S10 Lite Black ;199890
 Samsung Galaxy A21s White ;89890
 Samsung Galaxy A71 Silver ;169890
 Samsung Galaxy A21s Black ;89890
 Samsung Galaxy A31 White ;99890
 Samsung Galaxy S10 128GB White ;229890
 Samsung Galaxy A10 32GB Blue ;54890
 Samsung Galaxy A11 Black ;69890
 Samsung Galaxy A31 Blue ;99890
 Samsung Galaxy A10 32GB Red ;54890
 Samsung Galaxy Z Fold 2 Black ;777690
 Samsung Galaxy A41 Black ;109890
 Samsung Galaxy A01 Blue ;49890
 Samsung Galaxy A31 Black ;99890
 Samsung Galaxy A01 Black ;49890
 Samsung Galaxy A21s Red ;89890
 Samsung Galaxy A01 Red ;49890
 Samsung Galaxy Z Fold 2 Brown ;777690
 Samsung Galaxy S20 FE 6/128GB Blue ;299890
 Samsung Galaxy S10 Lite White ;199890
 Samsung Galaxy S10 Lite Blue ;199890
 Samsung Galaxy A01 Core 1/16GB Blue ;39890
 Samsung Galaxy A01 Core 1/16GB Black ;39890
 Samsung Galaxy A41 White ;109890
 Samsung Galaxy A11 White ;69890
 Samsung Galaxy A11 Red ;69890
 Samsung Galaxy A51 64GB Silver ;129890
 Samsung Galaxy A41 Blue ;109890
 Samsung Galaxy A01 Core 1/16GB Red ;39890
 Samsung Galaxy A51 128GB Silver ;139890
 Samsung Galaxy S20 FE 6/128GB Violet ;299890
 Samsung Galaxy S20 FE 6/128GB Green ;299890
 Samsung Galaxy S10+ 128GB Red ;245890
 Samsung Galaxy Note 20 Ultra White ;599890
 Samsung Galaxy Note 20 Green ;499890
 Samsung Galaxy Note 20 Brown ;499890
 Samsung Galaxy S20 FE 6/128GB Red ;299890
 Samsung Galaxy A12 3/32GB Black ;69890
 Samsung Galaxy A12 3/32GB Red ;69890
 Samsung Galaxy A12 3/32GB Blue ;69890
 Vivo Y91C Ocean Blue ;59990
 Vivo Y12 Burgundy Red ;74990
 Vivo Y12 Aqua blue ;74990
 Vivo V17 Knight Black ;124990
 Vivo Y91C Fusion Black ;59990
 Vivo V17 Nebula Blue ;124990
 Vivo X50 Pro Alpha Grey ;299990
 Vivo Y30 4/64GB Dazzle Blue ;89990
 Vivo Y30 4/64GB Emerald Black ;89990
 Vivo X50 Glaze Black ;199990
 Vivo Y12s Phantom Black ;71690
 Vivo V20 Sunset Melody ;169990
 Vivo Y12s Nebula Blue ;71690
 Vivo X50 Frost Blue ;199990
 Vivo V20 Midnight Jazz ;169990
 Vivo Y1s Ripple Blue ;61990
 Vivo Y1s Olive Black ;61690
 Vivo V20SE Gravity Black ;134990
 Vivo V20SE Oxygen Blue ;134990
 Vivo Y20 Nebula Blue ;84990
 Vivo Y20 Obsidian Black ;84990
 Xiaomi Redmi 9A 2/32GB Sky Blue ;43990
 Xiaomi Redmi Note 9 Pro 6/128GB Interstellar Grey ;129990
 Xiaomi Redmi Note 8 4/128GB Neptune blue ;89990
 Xiaomi Redmi Note 9S 6/128GB Aurora Blue ;99890
 Xiaomi Redmi Note 8 4/128GB Space Black ;89990
 Xiaomi Redmi 9A 2/32GB Granite Gray ;43990
 Xiaomi Redmi 9 4/64GB Carbon Grey ;74990
 Xiaomi Redmi Note 9S 4/64GB Interstellar Grey ;89890
 Xiaomi Redmi Note 9S 6/128GB Interstellar Grey ;99890
 Xiaomi Redmi Note 9 3/64GB Midnight Grey ;89990
 Xiaomi Redmi 9 3/32GB Carbon Grey ;64890
 Xiaomi Redmi Note 9 Pro 6/128GB Tropical Green ;129990
 Xiaomi Redmi Note 9S 4/64GB Aurora Blue ;89890
 Xiaomi Redmi Note 9 Pro 6/64GB Interstellar Grey ;119990
 Xiaomi Redmi Note 9 Pro 6/128GB Glacier White ;129990
 Xiaomi Redmi Note 9 3/64GB Polar White ;89990
 Xiaomi Redmi 9 4/64GB Ocean Green ;74990
 Xiaomi Redmi Note 9 4/128GB Forest Green ;89890
 Xiaomi Redmi 9C 3/64GB Midnight Gray ;54990
 Xiaomi Redmi Note 9 Pro 6/64GB Tropical Green ;119990
 Poco X3 6+128GB Shadow Gray ;129990
 Xiaomi Redmi 9 4/64GB Sunset Purple ;74990
 Xiaomi Mi 10 8/256GB Coral Green ;359990
 Xiaomi Redmi Note 9 4/128GB Polar White ;99990
 Xiaomi Redmi Note 9S 6/128GB Glacier White ;99890
 Xiaomi Redmi Note 9 4/128GB Midnight Grey ;99990
 Xiaomi Redmi Note 9S 4/64GB Glacier White ;99990
 Xiaomi Mi Note 10 Lite 6/64GB Midnight Black ;169990
 Xiaomi Redmi 9C 3/64GB Twilight Blue ;54990
 Xiaomi Redmi Note 9 3/64GB Forest Green ;79890
 Xiaomi Redmi 9 3/32GB Ocean Green ;64890
 Xiaomi Redmi Note 9 4/128GB Onyx Black ;99990
 Xiaomi Redmi Note 9 Pro 6/64GB Glacier White ;119990
 Xiaomi Redmi Note 9 3/64GB Onyx Black ;89990
 Xiaomi Redmi 9C 3/64GB Sunrise Orange ;54990
 Xiaomi Redmi 9 3/32GB Sunset Purple ;64890
 Xiaomi Mi 10 8/256GB Twilight Grey ;359990
 Xiaomi Redmi Note 8 4+128 Moonlight White ;89990
 Xiaomi Mi 10T Pro 8/256GB Cosmic Black ;259990
 Xiaomi Mi Note 10 Lite 6/64GB Glacier White ;169990
 Samsung Galaxy Note20 Ultra Black (SM-N985F) ;599890
 Samsung Galaxy S20 Ultra Gray (SM-G988B) ;549890
 Samsung Galaxy S20 Ultra Black (SM-G988B) ;549890
 Samsung Galaxy Note20 Green (SM-N980F) ;499890
 Samsung Galaxy Note20 Brown (SM-N980F) ;499890
 Samsung Galaxy Note20 Gray (SM-N980F) ;499890
 Samsung Galaxy S20+ Gray (SM-G985F) ;449890
 Samsung Galaxy S20+ Blue (SM-G985F) ;449890
 Samsung Galaxy S20+ Black (SM-G985F) ;449890
 Samsung Galaxy S20 Red (SM-G980F) ;349890
 Samsung Galaxy S20 Blue (SM-G980F) ;349890
 Samsung Galaxy S20 Gray (SM-G980F) ;349890
 Samsung Galaxy S20 FE Blue (SM-G780F) ;299890
 Samsung Galaxy S10 lite White (SM-G770F) ;199890
 Samsung Galaxy S10 lite Black (SM-G770F) ;199890
 Samsung Galaxy S10 lite Blue (SM-G770F) ;199890
 Samsung Galaxy A71 Silver (SM-A715F) ;169890
 Samsung Galaxy A71 Black (SM-A715F) ;169890
 Samsung Galaxy A51, 128GB Silver (SM-A515F) ;139890
 Samsung Galaxy A51, 128GB White (SM-A515F) ;139890
 Samsung Galaxy A51, 128GB Black (SM-A515F) ;139890
 Samsung Galaxy A51, 128GB Blue (SM-A515F) ;139890
 Samsung Galaxy A51, 64GB Silver (SM-A515F) ;129890
 Samsung Galaxy A51, 64GB Blue (SM-A515F) ;129890
 Samsung Galaxy A51, 64GB White (SM-A515F) ;129890
 Samsung Galaxy A51, 64GB Black (SM-A515F) ;129890
 Samsung Galaxy A41, Blue (SM-A415F) ;109890
 Samsung Galaxy A41, Black (SM-A415F) ;109890
 Samsung Galaxy A41 White (SM-A415F) ;109890
 Samsung Galaxy A31, White (SM-A315F) ;99890
 Samsung Galaxy A31, Blue (SM-A315F) ;99890
 Samsung Galaxy A31, Black (SM-A315F) ;99890
 Samsung Galaxy A21s Red (SM-A217F) ;89890
 Samsung Galaxy A21s Black (SM-A217F) ;89890
 Samsung Galaxy A21s White (SM-A217F) ;89890
 Samsung Galaxy A30s, 32GB, White ;89890
 Samsung Galaxy A11 White (SM-A115F) ;69890
 Samsung Galaxy A11 Red (SM-A115F) ;69890
 Samsung Galaxy A11 Black (SM-A115F) ;69890
 Samsung Galaxy A01 Red (SM-A015F) ;49890
 Samsung Galaxy A01 Blue (SM-A015F) ;49890
 Samsung Galaxy A01 Black (SM-A015F) ;49890
 Samsung Galaxy A01 Core Red (SM-A013F) ;39890
 Samsung Galaxy A01 Core Black (SM-A013F) ;39890
 Samsung Galaxy A01 Core Blue (SM-A013F) ;39890
 OPPO Reno4 Pro Galactic Blue ;349990
 OPPO Reno3 Pro Moonlight Black ;299990
 OPPO Reno3 Pro Starry Blue ;299990
 OPPO Reno3 Sky White ;159990
 OPPO Reno3 Midnight Black ;159990
 OPPO A91 Modern Red ;139990
 OPPO A91 Blazing Blue ;139990
 OPPO A91 Lightening Black ;139990
 OPPO A72 Aurora Purple ;119990
 OPPO A72 Shining White ;119990
 OPPO A72 Twilight Black ;119990
 OPPO A53 128GB Electric Black ;99990
 OPPO A53 128GB Fancy Blue ;99990
 OPPO A53 128GB Mint Cream ;99990
 OPPO A52 Twilight Black ;99990
 OPPO A52 Stream White ;99990
 OPPO A53 64GB Fancy Blue ;79990
 OPPO A53 64GB Mint Cream ;79990
 OPPO A53 64GB Electric Black ;79990
 OPPO A5 Diamond Blue ;79990
 OPPO A31 Lake Green ;74990
 OPPO A31 Mystery Black ;74990
 OPPO A12 32GB Blue ;59990
 OPPO A12 32GB Black ;59990
 Xiaomi Mi note 10 Lite 6+64GB purple ;169990
Xiaomi Poco X3 128GB Cobalt Blue ;129990
Xiaomi Poco X3 128GB Shadow Gray ;129990
 Xiaomi Redmi Note 9 Pro 6/128GB ñåðûé ;129990
 Xiaomi Redmi Note 9 Pro 6/128GB çåëå ûé ;129990
 Xiaomi Redmi Note 9 Pro 6/128GB áåëûé ;129990
Xiaomi Poco X3 64GB Shadow Gray ;119990
 Xiaomi Redmi Note 9 Pro 6/64GB Glacier White ;119990
 Xiaomi Redmi Note 9 Pro 6/64GB ñåðûé ;119990
 Xiaomi Redmi Note 9 Pro 6/64GB çåë¸ ûé ;119990
 Xiaomi Redmi Note 9S 128GB Interstellar Grey ;109990
 Xiaomi Redmi Note 9S 128GB Aurora Blue ;109990
 Xiaomi Redmi Note 9S 128GB Glacier White ;109990
 Xiaomi Redmi Note 8 Pro 6+128GB Pearl White ;104890
 Xiaomi Redmi Note 9S 64GB Interstellar Grey ;99990
 Xiaomi Redmi Note 9S 64GB Glacier White ;99990
 Xiaomi Redmi Note 9S 64GB Aurora Blue ;99990
 Xiaomi Redmi Note 9 4/128GB Grey ;99990
 Xiaomi Redmi Note 9 4/128GB çåëå ûé ;99990
 Xiaomi Redmi Note 9 3/64GB Áåëûé ;89990
 Xiaomi Redmi Note 9 3/64GB Çåëå ûé ;89990
 Xiaomi Redmi Note 9 3/64GB Ñåðûé ;89990
 Xiaomi Redmi 9A 32GB Granite Gray ;43990
 Samsung Galaxy Note20 Ultra, White ;599 890
 Samsung Galaxy Note20 Ultra, Black ;599 890
 Samsung Galaxy Note20 Ultra, Brown ;599 890
 Samsung Galaxy S20 Ultra, Black ;549 890
 Samsung Galaxy S20 Ultra, Gray ;549 890
 Samsung Galaxy Note20 Gray ;449 890
 Samsung Galaxy Note20 Green ;449 890
 Samsung Galaxy S20 plus, Black ;449 890
 Samsung Galaxy Note 20 Brown ;449 890
